scenario_id,scenario_title,application_id,brand_name,class_type,alcohol_content,proof,net_contents,bottler_producer,country_of_origin,government_warning,image_filename,expected_outcome,demo_description
pass-01,Pass Case 01: BOURBON,COLA-PASS-2026-01,ESTATE RESERVE BOURBON,KENTUCKY STRAIGHT BOURBON WHISKEY,45.0%,90,750 ML,"HIGHLAND DISTILLING CO., LOUISVILLE, KY",PRODUCT OF USA,"GOVERNMENT WARNING: (1) ACCORDING TO THE SURGEON GENERAL, WOMEN SHOULD NOT DRINK ALCOHOLIC BEVERAGES DURING PREGNANCY BECAUSE OF THE RISK OF BIRTH DEFECTS. (2) CONSUMPTION OF ALCOHOLIC BEVERAGES IMPAIRS YOUR ABILITY TO DRIVE A CAR OR OPERATE MACHINERY, AND MAY CAUSE HEALTH PROBLEMS.",pass_01_bourbon.png,PASS,Perfect match on all metadata fields & compliant CFR 16 warning for BOURBON.
pass-02,Pass Case 02: SCOTCH,COLA-PASS-2026-02,ESTATE RESERVE SCOTCH,SINGLE MALT SCOTCH WHISKY,43.0%,86,750 ML,"GLEN LIVET DISTILLERY, SPEYSIDE",PRODUCT OF SCOTLAND,"GOVERNMENT WARNING: (1) ACCORDING TO THE SURGEON GENERAL, WOMEN SHOULD NOT DRINK ALCOHOLIC BEVERAGES DURING PREGNANCY BECAUSE OF THE RISK OF BIRTH DEFECTS. (2) CONSUMPTION OF ALCOHOLIC BEVERAGES IMPAIRS YOUR ABILITY TO DRIVE A CAR OR OPERATE MACHINERY, AND MAY CAUSE HEALTH PROBLEMS.",pass_02_scotch.png,PASS,Perfect match on all metadata fields & compliant CFR 16 warning for SCOTCH.
pass-03,Pass Case 03: RYE_WHISKEY,COLA-PASS-2026-03,ESTATE RESERVE RYE_WHISKEY,STRAIGHT RYE WHISKEY,50.0%,100,750 ML,"OLD OVERHOLT DISTILLING, PA",PRODUCT OF USA,"GOVERNMENT WARNING: (1) ACCORDING TO THE SURGEON GENERAL, WOMEN SHOULD NOT DRINK ALCOHOLIC BEVERAGES DURING PREGNANCY BECAUSE OF THE RISK OF BIRTH DEFECTS. (2) CONSUMPTION OF ALCOHOLIC BEVERAGES IMPAIRS YOUR ABILITY TO DRIVE A CAR OR OPERATE MACHINERY, AND MAY CAUSE HEALTH PROBLEMS.",pass_03_rye_whiskey.png,PASS,Perfect match on all metadata fields & compliant CFR 16 warning for RYE_WHISKEY.
pass-04,Pass Case 04: RED_WINE,COLA-PASS-2026-04,ESTATE RESERVE RED_WINE,CABERNET SAUVIGNON RED WINE,14.5%,N/A,750 ML,"NAPA VALLEY CELLARS, NAPA, CA",PRODUCT OF USA,"GOVERNMENT WARNING: (1) ACCORDING TO THE SURGEON GENERAL, WOMEN SHOULD NOT DRINK ALCOHOLIC BEVERAGES DURING PREGNANCY BECAUSE OF THE RISK OF BIRTH DEFECTS. (2) CONSUMPTION OF ALCOHOLIC BEVERAGES IMPAIRS YOUR ABILITY TO DRIVE A CAR OR OPERATE MACHINERY, AND MAY CAUSE HEALTH PROBLEMS.",pass_04_red_wine.png,PASS,Perfect match on all metadata fields & compliant CFR 16 warning for RED_WINE.
pass-05,Pass Case 05: WHITE_WINE,COLA-PASS-2026-05,ESTATE RESERVE WHITE_WINE,CHARDONNAY WHITE WINE,13.5%,N/A,750 ML,"SONOMA COAST VINEYARDS, CA",PRODUCT OF USA,"GOVERNMENT WARNING: (1) ACCORDING TO THE SURGEON GENERAL, WOMEN SHOULD NOT DRINK ALCOHOLIC BEVERAGES DURING PREGNANCY BECAUSE OF THE RISK OF BIRTH DEFECTS. (2) CONSUMPTION OF ALCOHOLIC BEVERAGES IMPAIRS YOUR ABILITY TO DRIVE A CAR OR OPERATE MACHINERY, AND MAY CAUSE HEALTH PROBLEMS.",pass_05_white_wine.png,PASS,Perfect match on all metadata fields & compliant CFR 16 warning for WHITE_WINE.
pass-06,Pass Case 06: ROSE_WINE,COLA-PASS-2026-06,ESTATE RESERVE ROSE_WINE,PROVENCE ROSE WINE,12.5%,N/A,750 ML,"DOMAINE DE LA ROSE, PROVENCE",PRODUCT OF FRANCE,"GOVERNMENT WARNING: (1) ACCORDING TO THE SURGEON GENERAL, WOMEN SHOULD NOT DRINK ALCOHOLIC BEVERAGES DURING PREGNANCY BECAUSE OF THE RISK OF BIRTH DEFECTS. (2) CONSUMPTION OF ALCOHOLIC BEVERAGES IMPAIRS YOUR ABILITY TO DRIVE A CAR OR OPERATE MACHINERY, AND MAY CAUSE HEALTH PROBLEMS.",pass_06_rose_wine.png,PASS,Perfect match on all metadata fields & compliant CFR 16 warning for ROSE_WINE.
pass-07,Pass Case 07: CHAMPAGNE,COLA-PASS-2026-07,ESTATE RESERVE CHAMPAGNE,BRUT CHAMPAGNE,12.0%,N/A,750 ML,"MAISON DE CHAMPAGNE, REIMS",PRODUCT OF FRANCE,"GOVERNMENT WARNING: (1) ACCORDING TO THE SURGEON GENERAL, WOMEN SHOULD NOT DRINK ALCOHOLIC BEVERAGES DURING PREGNANCY BECAUSE OF THE RISK OF BIRTH DEFECTS. (2) CONSUMPTION OF ALCOHOLIC BEVERAGES IMPAIRS YOUR ABILITY TO DRIVE A CAR OR OPERATE MACHINERY, AND MAY CAUSE HEALTH PROBLEMS.",pass_07_champagne.png,PASS,Perfect match on all metadata fields & compliant CFR 16 warning for CHAMPAGNE.
pass-08,Pass Case 08: TEQUILA_BLANCO,COLA-PASS-2026-08,ESTATE RESERVE TEQUILA_BLANCO,TEQUILA BLANCO 100% AGAVE,40.0%,80,750 ML,"AGAVE REAL S.A. DE C.V., JALISCO",PRODUCT OF MEXICO,"GOVERNMENT WARNING: (1) ACCORDING TO THE SURGEON GENERAL, WOMEN SHOULD NOT DRINK ALCOHOLIC BEVERAGES DURING PREGNANCY BECAUSE OF THE RISK OF BIRTH DEFECTS. (2) CONSUMPTION OF ALCOHOLIC BEVERAGES IMPAIRS YOUR ABILITY TO DRIVE A CAR OR OPERATE MACHINERY, AND MAY CAUSE HEALTH PROBLEMS.",pass_08_tequila_blanco.png,PASS,Perfect match on all metadata fields & compliant CFR 16 warning for TEQUILA_BLANCO.
pass-09,Pass Case 09: TEQUILA_ANEJO,COLA-PASS-2026-09,ESTATE RESERVE TEQUILA_ANEJO,TEQUILA ANEJO 100% AGAVE,40.0%,80,750 ML,"DON JULIO S.A., JALISCO",PRODUCT OF MEXICO,"GOVERNMENT WARNING: (1) ACCORDING TO THE SURGEON GENERAL, WOMEN SHOULD NOT DRINK ALCOHOLIC BEVERAGES DURING PREGNANCY BECAUSE OF THE RISK OF BIRTH DEFECTS. (2) CONSUMPTION OF ALCOHOLIC BEVERAGES IMPAIRS YOUR ABILITY TO DRIVE A CAR OR OPERATE MACHINERY, AND MAY CAUSE HEALTH PROBLEMS.",pass_09_tequila_anejo.png,PASS,Perfect match on all metadata fields & compliant CFR 16 warning for TEQUILA_ANEJO.
pass-10,Pass Case 10: DARK_RUM,COLA-PASS-2026-10,ESTATE RESERVE DARK_RUM,AGED DARK RUM,40.0%,80,750 ML,"CARIBBEAN DISTILLERS, BARBADOS",PRODUCT OF BARBADOS,"GOVERNMENT WARNING: (1) ACCORDING TO THE SURGEON GENERAL, WOMEN SHOULD NOT DRINK ALCOHOLIC BEVERAGES DURING PREGNANCY BECAUSE OF THE RISK OF BIRTH DEFECTS. (2) CONSUMPTION OF ALCOHOLIC BEVERAGES IMPAIRS YOUR ABILITY TO DRIVE A CAR OR OPERATE MACHINERY, AND MAY CAUSE HEALTH PROBLEMS.",pass_10_dark_rum.png,PASS,Perfect match on all metadata fields & compliant CFR 16 warning for DARK_RUM.
pass-11,Pass Case 11: WHITE_RUM,COLA-PASS-2026-11,ESTATE RESERVE WHITE_RUM,SUPERIOR WHITE RUM,37.5%,75,750 ML,"BACARDI BOTTLING, PUERTO RICO",PRODUCT OF PUERTO RICO,"GOVERNMENT WARNING: (1) ACCORDING TO THE SURGEON GENERAL, WOMEN SHOULD NOT DRINK ALCOHOLIC BEVERAGES DURING PREGNANCY BECAUSE OF THE RISK OF BIRTH DEFECTS. (2) CONSUMPTION OF ALCOHOLIC BEVERAGES IMPAIRS YOUR ABILITY TO DRIVE A CAR OR OPERATE MACHINERY, AND MAY CAUSE HEALTH PROBLEMS.",pass_11_white_rum.png,PASS,Perfect match on all metadata fields & compliant CFR 16 warning for WHITE_RUM.
pass-12,Pass Case 12: VODKA,COLA-PASS-2026-12,ESTATE RESERVE VODKA,PREMIUM GRAIN VODKA,40.0%,80,750 ML,"POLAR SPIRITS, MINNEAPOLIS, MN",PRODUCT OF USA,"GOVERNMENT WARNING: (1) ACCORDING TO THE SURGEON GENERAL, WOMEN SHOULD NOT DRINK ALCOHOLIC BEVERAGES DURING PREGNANCY BECAUSE OF THE RISK OF BIRTH DEFECTS. (2) CONSUMPTION OF ALCOHOLIC BEVERAGES IMPAIRS YOUR ABILITY TO DRIVE A CAR OR OPERATE MACHINERY, AND MAY CAUSE HEALTH PROBLEMS.",pass_12_vodka.png,PASS,Perfect match on all metadata fields & compliant CFR 16 warning for VODKA.
pass-13,Pass Case 13: LONDON_DRY_GIN,COLA-PASS-2026-13,ESTATE RESERVE LONDON_DRY_GIN,LONDON DRY GIN,47.3%,94.6,750 ML,"BEEFEATER DISTILLERY, LONDON",PRODUCT OF UK,"GOVERNMENT WARNING: (1) ACCORDING TO THE SURGEON GENERAL, WOMEN SHOULD NOT DRINK ALCOHOLIC BEVERAGES DURING PREGNANCY BECAUSE OF THE RISK OF BIRTH DEFECTS. (2) CONSUMPTION OF ALCOHOLIC BEVERAGES IMPAIRS YOUR ABILITY TO DRIVE A CAR OR OPERATE MACHINERY, AND MAY CAUSE HEALTH PROBLEMS.",pass_13_london_dry_gin.png,PASS,Perfect match on all metadata fields & compliant CFR 16 warning for LONDON_DRY_GIN.
pass-14,Pass Case 14: CRAFT_IPA,COLA-PASS-2026-14,ESTATE RESERVE CRAFT_IPA,INDIA PALE ALE BEER,6.8%,N/A,12 FL OZ,"SIERRA NEVADA BREWING, CA",PRODUCT OF USA,"GOVERNMENT WARNING: (1) ACCORDING TO THE SURGEON GENERAL, WOMEN SHOULD NOT DRINK ALCOHOLIC BEVERAGES DURING PREGNANCY BECAUSE OF THE RISK OF BIRTH DEFECTS. (2) CONSUMPTION OF ALCOHOLIC BEVERAGES IMPAIRS YOUR ABILITY TO DRIVE A CAR OR OPERATE MACHINERY, AND MAY CAUSE HEALTH PROBLEMS.",pass_14_craft_ipa.png,PASS,Perfect match on all metadata fields & compliant CFR 16 warning for CRAFT_IPA.
pass-15,Pass Case 15: STOUT_BEER,COLA-PASS-2026-15,ESTATE RESERVE STOUT_BEER,IMPERIAL OATMEAL STOUT BEER,8.5%,N/A,16 FL OZ,"LEFT HAND BREWING, CO",PRODUCT OF USA,"GOVERNMENT WARNING: (1) ACCORDING TO THE SURGEON GENERAL, WOMEN SHOULD NOT DRINK ALCOHOLIC BEVERAGES DURING PREGNANCY BECAUSE OF THE RISK OF BIRTH DEFECTS. (2) CONSUMPTION OF ALCOHOLIC BEVERAGES IMPAIRS YOUR ABILITY TO DRIVE A CAR OR OPERATE MACHINERY, AND MAY CAUSE HEALTH PROBLEMS.",pass_15_stout_beer.png,PASS,Perfect match on all metadata fields & compliant CFR 16 warning for STOUT_BEER.
pass-16,Pass Case 16: PILSNER_BEER,COLA-PASS-2026-16,ESTATE RESERVE PILSNER_BEER,GERMAN STYLE PILSNER BEER,5.0%,N/A,12 FL OZ,"BAVARIA BREWING, MUNCHEN",PRODUCT OF GERMANY,"GOVERNMENT WARNING: (1) ACCORDING TO THE SURGEON GENERAL, WOMEN SHOULD NOT DRINK ALCOHOLIC BEVERAGES DURING PREGNANCY BECAUSE OF THE RISK OF BIRTH DEFECTS. (2) CONSUMPTION OF ALCOHOLIC BEVERAGES IMPAIRS YOUR ABILITY TO DRIVE A CAR OR OPERATE MACHINERY, AND MAY CAUSE HEALTH PROBLEMS.",pass_16_pilsner_beer.png,PASS,Perfect match on all metadata fields & compliant CFR 16 warning for PILSNER_BEER.
pass-17,Pass Case 17: HARD_CIDER,COLA-PASS-2026-17,ESTATE RESERVE HARD_CIDER,CRISP APPLE HARD CIDER,5.5%,N/A,12 FL OZ,"ANGRY ORCHARD CIDER, NY",PRODUCT OF USA,"GOVERNMENT WARNING: (1) ACCORDING TO THE SURGEON GENERAL, WOMEN SHOULD NOT DRINK ALCOHOLIC BEVERAGES DURING PREGNANCY BECAUSE OF THE RISK OF BIRTH DEFECTS. (2) CONSUMPTION OF ALCOHOLIC BEVERAGES IMPAIRS YOUR ABILITY TO DRIVE A CAR OR OPERATE MACHINERY, AND MAY CAUSE HEALTH PROBLEMS.",pass_17_hard_cider.png,PASS,Perfect match on all metadata fields & compliant CFR 16 warning for HARD_CIDER.
pass-18,Pass Case 18: BRANDY,COLA-PASS-2026-18,ESTATE RESERVE BRANDY,CALIFORNIA AGED BRANDY,40.0%,80,750 ML,"E&J DISTILLERS, MODESTO, CA",PRODUCT OF USA,"GOVERNMENT WARNING: (1) ACCORDING TO THE SURGEON GENERAL, WOMEN SHOULD NOT DRINK ALCOHOLIC BEVERAGES DURING PREGNANCY BECAUSE OF THE RISK OF BIRTH DEFECTS. (2) CONSUMPTION OF ALCOHOLIC BEVERAGES IMPAIRS YOUR ABILITY TO DRIVE A CAR OR OPERATE MACHINERY, AND MAY CAUSE HEALTH PROBLEMS.",pass_18_brandy.png,PASS,Perfect match on all metadata fields & compliant CFR 16 warning for BRANDY.
pass-19,Pass Case 19: MEZCAL,COLA-PASS-2026-19,ESTATE RESERVE MEZCAL,MEZCAL ARTESANAL JOVEN,45.0%,90,750 ML,"OAXACA ARTESANAL S.A., OAXACA",PRODUCT OF MEXICO,"GOVERNMENT WARNING: (1) ACCORDING TO THE SURGEON GENERAL, WOMEN SHOULD NOT DRINK ALCOHOLIC BEVERAGES DURING PREGNANCY BECAUSE OF THE RISK OF BIRTH DEFECTS. (2) CONSUMPTION OF ALCOHOLIC BEVERAGES IMPAIRS YOUR ABILITY TO DRIVE A CAR OR OPERATE MACHINERY, AND MAY CAUSE HEALTH PROBLEMS.",pass_19_mezcal.png,PASS,Perfect match on all metadata fields & compliant CFR 16 warning for MEZCAL.
pass-20,Pass Case 20: LIQUEUR,COLA-PASS-2026-20,ESTATE RESERVE LIQUEUR,TRIPLE SEC ORANGE LIQUEUR,30.0%,60,750 ML,"COINTREAU S.A.R.L., ANGERS",PRODUCT OF FRANCE,"GOVERNMENT WARNING: (1) ACCORDING TO THE SURGEON GENERAL, WOMEN SHOULD NOT DRINK ALCOHOLIC BEVERAGES DURING PREGNANCY BECAUSE OF THE RISK OF BIRTH DEFECTS. (2) CONSUMPTION OF ALCOHOLIC BEVERAGES IMPAIRS YOUR ABILITY TO DRIVE A CAR OR OPERATE MACHINERY, AND MAY CAUSE HEALTH PROBLEMS.",pass_20_liqueur.png,PASS,Perfect match on all metadata fields & compliant CFR 16 warning for LIQUEUR.
fail-21,Fail Case 21: ABV Mismatch (14.8% metadata vs 13.5% label),COLA-FAIL-2026-21,MISMATCH TEST BRAND,RED WINE,14.8%,N/A,750 ML,"TEST DISTILLING CO., NY",PRODUCT OF USA,"GOVERNMENT WARNING: (1) ACCORDING TO THE SURGEON GENERAL, WOMEN SHOULD NOT DRINK ALCOHOLIC BEVERAGES DURING PREGNANCY BECAUSE OF THE RISK OF BIRTH DEFECTS. (2) CONSUMPTION OF ALCOHOLIC BEVERAGES IMPAIRS YOUR ABILITY TO DRIVE A CAR OR OPERATE MACHINERY, AND MAY CAUSE HEALTH PROBLEMS.",fail_mismatch_21_abv.png,REJECT,ABV Mismatch (14.8% metadata vs 13.5% label)
fail-22,Fail Case 22: Net Contents Mismatch (750 ML metadata vs 1 L label),COLA-FAIL-2026-22,MISMATCH TEST BRAND,BOURBON,750 ML,N/A,750 ML,"TEST DISTILLING CO., NY",PRODUCT OF USA,"GOVERNMENT WARNING: (1) ACCORDING TO THE SURGEON GENERAL, WOMEN SHOULD NOT DRINK ALCOHOLIC BEVERAGES DURING PREGNANCY BECAUSE OF THE RISK OF BIRTH DEFECTS. (2) CONSUMPTION OF ALCOHOLIC BEVERAGES IMPAIRS YOUR ABILITY TO DRIVE A CAR OR OPERATE MACHINERY, AND MAY CAUSE HEALTH PROBLEMS.",fail_mismatch_22_net_contents.png,REJECT,Net Contents Mismatch (750 ML metadata vs 1 L label)
fail-23,Fail Case 23: Brand Name Mismatch (OLD CROWN vs CROWN RESERVE),COLA-FAIL-2026-23,MISMATCH TEST BRAND,WHISKEY,OLD CROWN,N/A,750 ML,"TEST DISTILLING CO., NY",PRODUCT OF USA,"GOVERNMENT WARNING: (1) ACCORDING TO THE SURGEON GENERAL, WOMEN SHOULD NOT DRINK ALCOHOLIC BEVERAGES DURING PREGNANCY BECAUSE OF THE RISK OF BIRTH DEFECTS. (2) CONSUMPTION OF ALCOHOLIC BEVERAGES IMPAIRS YOUR ABILITY TO DRIVE A CAR OR OPERATE MACHINERY, AND MAY CAUSE HEALTH PROBLEMS.",fail_mismatch_23_brand_name.png,REJECT,Brand Name Mismatch (OLD CROWN vs CROWN RESERVE)
fail-24,Fail Case 24: Class Designation Mismatch (BOURBON vs RYE),COLA-FAIL-2026-24,MISMATCH TEST BRAND,SPIRITS,KENTUCKY STRAIGHT BOURBON,N/A,750 ML,"TEST DISTILLING CO., NY",PRODUCT OF USA,"GOVERNMENT WARNING: (1) ACCORDING TO THE SURGEON GENERAL, WOMEN SHOULD NOT DRINK ALCOHOLIC BEVERAGES DURING PREGNANCY BECAUSE OF THE RISK OF BIRTH DEFECTS. (2) CONSUMPTION OF ALCOHOLIC BEVERAGES IMPAIRS YOUR ABILITY TO DRIVE A CAR OR OPERATE MACHINERY, AND MAY CAUSE HEALTH PROBLEMS.",fail_mismatch_24_class_type.png,REJECT,Class Designation Mismatch (BOURBON vs RYE)
fail-25,Fail Case 25: Missing Country of Origin on Imported Tequila,COLA-FAIL-2026-25,MISMATCH TEST BRAND,TEQUILA,PRODUCT OF MEXICO,N/A,750 ML,"TEST DISTILLING CO., NY",PRODUCT OF USA,"GOVERNMENT WARNING: (1) ACCORDING TO THE SURGEON GENERAL, WOMEN SHOULD NOT DRINK ALCOHOLIC BEVERAGES DURING PREGNANCY BECAUSE OF THE RISK OF BIRTH DEFECTS. (2) CONSUMPTION OF ALCOHOLIC BEVERAGES IMPAIRS YOUR ABILITY TO DRIVE A CAR OR OPERATE MACHINERY, AND MAY CAUSE HEALTH PROBLEMS.",fail_mismatch_25_missing_origin.png,REJECT,Missing Country of Origin on Imported Tequila
fail-26,Fail Case 26: Proof Mismatch (100 Proof vs 80 Proof),COLA-FAIL-2026-26,MISMATCH TEST BRAND,RUM,100,N/A,750 ML,"TEST DISTILLING CO., NY",PRODUCT OF USA,"GOVERNMENT WARNING: (1) ACCORDING TO THE SURGEON GENERAL, WOMEN SHOULD NOT DRINK ALCOHOLIC BEVERAGES DURING PREGNANCY BECAUSE OF THE RISK OF BIRTH DEFECTS. (2) CONSUMPTION OF ALCOHOLIC BEVERAGES IMPAIRS YOUR ABILITY TO DRIVE A CAR OR OPERATE MACHINERY, AND MAY CAUSE HEALTH PROBLEMS.",fail_mismatch_26_proof.png,REJECT,Proof Mismatch (100 Proof vs 80 Proof)
fail-27,Fail Case 27: Bottler Address Mismatch,COLA-FAIL-2026-27,MISMATCH TEST BRAND,VODKA,"DISTILLERS LLC, NY",N/A,750 ML,"TEST DISTILLING CO., NY",PRODUCT OF USA,"GOVERNMENT WARNING: (1) ACCORDING TO THE SURGEON GENERAL, WOMEN SHOULD NOT DRINK ALCOHOLIC BEVERAGES DURING PREGNANCY BECAUSE OF THE RISK OF BIRTH DEFECTS. (2) CONSUMPTION OF ALCOHOLIC BEVERAGES IMPAIRS YOUR ABILITY TO DRIVE A CAR OR OPERATE MACHINERY, AND MAY CAUSE HEALTH PROBLEMS.",fail_mismatch_27_bottler.png,REJECT,Bottler Address Mismatch
fail-28,Fail Case 28: Beer ABV Mismatch (8.5% vs 5.0%),COLA-FAIL-2026-28,MISMATCH TEST BRAND,BEER,8.5%,N/A,750 ML,"TEST DISTILLING CO., NY",PRODUCT OF USA,"GOVERNMENT WARNING: (1) ACCORDING TO THE SURGEON GENERAL, WOMEN SHOULD NOT DRINK ALCOHOLIC BEVERAGES DURING PREGNANCY BECAUSE OF THE RISK OF BIRTH DEFECTS. (2) CONSUMPTION OF ALCOHOLIC BEVERAGES IMPAIRS YOUR ABILITY TO DRIVE A CAR OR OPERATE MACHINERY, AND MAY CAUSE HEALTH PROBLEMS.",fail_mismatch_28_beer_abv.png,REJECT,Beer ABV Mismatch (8.5% vs 5.0%)
fail-29,Fail Case 29: Gin Net Contents Mismatch (1 L vs 750 ML),COLA-FAIL-2026-29,MISMATCH TEST BRAND,GIN,1 L,N/A,750 ML,"TEST DISTILLING CO., NY",PRODUCT OF USA,"GOVERNMENT WARNING: (1) ACCORDING TO THE SURGEON GENERAL, WOMEN SHOULD NOT DRINK ALCOHOLIC BEVERAGES DURING PREGNANCY BECAUSE OF THE RISK OF BIRTH DEFECTS. (2) CONSUMPTION OF ALCOHOLIC BEVERAGES IMPAIRS YOUR ABILITY TO DRIVE A CAR OR OPERATE MACHINERY, AND MAY CAUSE HEALTH PROBLEMS.",fail_mismatch_29_gin_net.png,REJECT,Gin Net Contents Mismatch (1 L vs 750 ML)
fail-30,Fail Case 30: Missing Origin on Cider Import,COLA-FAIL-2026-30,MISMATCH TEST BRAND,CIDER,PRODUCT OF UK,N/A,750 ML,"TEST DISTILLING CO., NY",PRODUCT OF USA,"GOVERNMENT WARNING: (1) ACCORDING TO THE SURGEON GENERAL, WOMEN SHOULD NOT DRINK ALCOHOLIC BEVERAGES DURING PREGNANCY BECAUSE OF THE RISK OF BIRTH DEFECTS. (2) CONSUMPTION OF ALCOHOLIC BEVERAGES IMPAIRS YOUR ABILITY TO DRIVE A CAR OR OPERATE MACHINERY, AND MAY CAUSE HEALTH PROBLEMS.",fail_mismatch_30_cider_origin.png,REJECT,Missing Origin on Cider Import
caps-31,Review Case 31: Accent Character (EL TEQUILEÑO vs El Tequileno),COLA-CAPS-2026-31,EL TEQUILEÑO REPOSADO,PREMIUM BEVERAGE,40.0%,80,750 ML,"TEST BOTTLING CO., CA",PRODUCT OF USA,"GOVERNMENT WARNING: (1) ACCORDING TO THE SURGEON GENERAL, WOMEN SHOULD NOT DRINK ALCOHOLIC BEVERAGES DURING PREGNANCY BECAUSE OF THE RISK OF BIRTH DEFECTS. (2) CONSUMPTION OF ALCOHOLIC BEVERAGES IMPAIRS YOUR ABILITY TO DRIVE A CAR OR OPERATE MACHINERY, AND MAY CAUSE HEALTH PROBLEMS.",caps_diff_31_tequila_accent.png,NEEDS REVIEW,Accent Character (EL TEQUILEÑO vs El Tequileno)
caps-32,Review Case 32: Punctuation (STONE'S THROW vs STONES THROW),COLA-CAPS-2026-32,STONE'S THROW BOURBON,PREMIUM BEVERAGE,40.0%,80,750 ML,"TEST BOTTLING CO., CA",PRODUCT OF USA,"GOVERNMENT WARNING: (1) ACCORDING TO THE SURGEON GENERAL, WOMEN SHOULD NOT DRINK ALCOHOLIC BEVERAGES DURING PREGNANCY BECAUSE OF THE RISK OF BIRTH DEFECTS. (2) CONSUMPTION OF ALCOHOLIC BEVERAGES IMPAIRS YOUR ABILITY TO DRIVE A CAR OR OPERATE MACHINERY, AND MAY CAUSE HEALTH PROBLEMS.",caps_diff_32_stones_throw_punctuation.png,NEEDS REVIEW,Punctuation (STONE'S THROW vs STONES THROW)
caps-33,Review Case 33: Mixed Case Brand Name (Highland Reserve),COLA-CAPS-2026-33,HIGHLAND RESERVE,PREMIUM BEVERAGE,40.0%,80,750 ML,"TEST BOTTLING CO., CA",PRODUCT OF USA,"GOVERNMENT WARNING: (1) ACCORDING TO THE SURGEON GENERAL, WOMEN SHOULD NOT DRINK ALCOHOLIC BEVERAGES DURING PREGNANCY BECAUSE OF THE RISK OF BIRTH DEFECTS. (2) CONSUMPTION OF ALCOHOLIC BEVERAGES IMPAIRS YOUR ABILITY TO DRIVE A CAR OR OPERATE MACHINERY, AND MAY CAUSE HEALTH PROBLEMS.",caps_diff_33_mixed_case_brand.png,NEEDS REVIEW,Mixed Case Brand Name (Highland Reserve)
caps-34,Review Case 34: French Accent Mark (CHÂTEAU BELLEVIEW),COLA-CAPS-2026-34,CHÂTEAU BELLEVIEW,PREMIUM BEVERAGE,40.0%,80,750 ML,"TEST BOTTLING CO., CA",PRODUCT OF USA,"GOVERNMENT WARNING: (1) ACCORDING TO THE SURGEON GENERAL, WOMEN SHOULD NOT DRINK ALCOHOLIC BEVERAGES DURING PREGNANCY BECAUSE OF THE RISK OF BIRTH DEFECTS. (2) CONSUMPTION OF ALCOHOLIC BEVERAGES IMPAIRS YOUR ABILITY TO DRIVE A CAR OR OPERATE MACHINERY, AND MAY CAUSE HEALTH PROBLEMS.",caps_diff_34_accent_french_wine.png,NEEDS REVIEW,French Accent Mark (CHÂTEAU BELLEVIEW)
caps-35,Review Case 35: Multi-Space Difference (OAK & HOPS IPA),COLA-CAPS-2026-35,OAK  &  HOPS IPA,PREMIUM BEVERAGE,40.0%,80,750 ML,"TEST BOTTLING CO., CA",PRODUCT OF USA,"GOVERNMENT WARNING: (1) ACCORDING TO THE SURGEON GENERAL, WOMEN SHOULD NOT DRINK ALCOHOLIC BEVERAGES DURING PREGNANCY BECAUSE OF THE RISK OF BIRTH DEFECTS. (2) CONSUMPTION OF ALCOHOLIC BEVERAGES IMPAIRS YOUR ABILITY TO DRIVE A CAR OR OPERATE MACHINERY, AND MAY CAUSE HEALTH PROBLEMS.",caps_diff_35_spacing_brand.png,NEEDS REVIEW,Multi-Space Difference (OAK & HOPS IPA)
caps-36,Review Case 36: Lowercase Class (bourbon whiskey),COLA-CAPS-2026-36,KENTUCKY STRAIGHT BOURBON WHISKEY,PREMIUM BEVERAGE,40.0%,80,750 ML,"TEST BOTTLING CO., CA",PRODUCT OF USA,"GOVERNMENT WARNING: (1) ACCORDING TO THE SURGEON GENERAL, WOMEN SHOULD NOT DRINK ALCOHOLIC BEVERAGES DURING PREGNANCY BECAUSE OF THE RISK OF BIRTH DEFECTS. (2) CONSUMPTION OF ALCOHOLIC BEVERAGES IMPAIRS YOUR ABILITY TO DRIVE A CAR OR OPERATE MACHINERY, AND MAY CAUSE HEALTH PROBLEMS.",caps_diff_36_lowercase_class.png,NEEDS REVIEW,Lowercase Class (bourbon whiskey)
caps-37,Review Case 37: Abbreviation (ALC/VOL vs ALC. VOL.),COLA-CAPS-2026-37,45% ALC/VOL,PREMIUM BEVERAGE,40.0%,80,750 ML,"TEST BOTTLING CO., CA",PRODUCT OF USA,"GOVERNMENT WARNING: (1) ACCORDING TO THE SURGEON GENERAL, WOMEN SHOULD NOT DRINK ALCOHOLIC BEVERAGES DURING PREGNANCY BECAUSE OF THE RISK OF BIRTH DEFECTS. (2) CONSUMPTION OF ALCOHOLIC BEVERAGES IMPAIRS YOUR ABILITY TO DRIVE A CAR OR OPERATE MACHINERY, AND MAY CAUSE HEALTH PROBLEMS.",caps_diff_37_short_abbrev.png,NEEDS REVIEW,Abbreviation (ALC/VOL vs ALC. VOL.)
caps-38,Review Case 38: Title Case Bottler (Highland Distilling Co),COLA-CAPS-2026-38,HIGHLAND DISTILLING CO,PREMIUM BEVERAGE,40.0%,80,750 ML,"TEST BOTTLING CO., CA",PRODUCT OF USA,"GOVERNMENT WARNING: (1) ACCORDING TO THE SURGEON GENERAL, WOMEN SHOULD NOT DRINK ALCOHOLIC BEVERAGES DURING PREGNANCY BECAUSE OF THE RISK OF BIRTH DEFECTS. (2) CONSUMPTION OF ALCOHOLIC BEVERAGES IMPAIRS YOUR ABILITY TO DRIVE A CAR OR OPERATE MACHINERY, AND MAY CAUSE HEALTH PROBLEMS.",caps_diff_38_title_case_bottler.png,NEEDS REVIEW,Title Case Bottler (Highland Distilling Co)
caps-39,Review Case 39: German Umlaut (MÜNCHEN PILSNER),COLA-CAPS-2026-39,MÜNCHEN PILSNER,PREMIUM BEVERAGE,40.0%,80,750 ML,"TEST BOTTLING CO., CA",PRODUCT OF USA,"GOVERNMENT WARNING: (1) ACCORDING TO THE SURGEON GENERAL, WOMEN SHOULD NOT DRINK ALCOHOLIC BEVERAGES DURING PREGNANCY BECAUSE OF THE RISK OF BIRTH DEFECTS. (2) CONSUMPTION OF ALCOHOLIC BEVERAGES IMPAIRS YOUR ABILITY TO DRIVE A CAR OR OPERATE MACHINERY, AND MAY CAUSE HEALTH PROBLEMS.",caps_diff_39_german_umlaut.png,NEEDS REVIEW,German Umlaut (MÜNCHEN PILSNER)
caps-40,Review Case 40: Trailing Punctuation (USA. vs USA),COLA-CAPS-2026-40,PRODUCT OF USA.,PREMIUM BEVERAGE,40.0%,80,750 ML,"TEST BOTTLING CO., CA",PRODUCT OF USA,"GOVERNMENT WARNING: (1) ACCORDING TO THE SURGEON GENERAL, WOMEN SHOULD NOT DRINK ALCOHOLIC BEVERAGES DURING PREGNANCY BECAUSE OF THE RISK OF BIRTH DEFECTS. (2) CONSUMPTION OF ALCOHOLIC BEVERAGES IMPAIRS YOUR ABILITY TO DRIVE A CAR OR OPERATE MACHINERY, AND MAY CAUSE HEALTH PROBLEMS.",caps_diff_40_trailing_dot.png,NEEDS REVIEW,Trailing Punctuation (USA. vs USA)
warning-41,Warning Fail 41: Header 'Government Warning:' in Title Case instead of ALL CAPS,COLA-WARN-2026-41,WARNING TEST BRAND,BEER,5.0%,N/A,12 FL OZ,"WARNING BREWING CO, CA",PRODUCT OF USA,"GOVERNMENT WARNING: (1) ACCORDING TO THE SURGEON GENERAL, WOMEN SHOULD NOT DRINK ALCOHOLIC BEVERAGES DURING PREGNANCY BECAUSE OF THE RISK OF BIRTH DEFECTS. (2) CONSUMPTION OF ALCOHOLIC BEVERAGES IMPAIRS YOUR ABILITY TO DRIVE A CAR OR OPERATE MACHINERY, AND MAY CAUSE HEALTH PROBLEMS.",warning_fail_41_lowercase_header.png,REJECT,Header 'Government Warning:' in Title Case instead of ALL CAPS
warning-42,Warning Fail 42: Missing 'SURGEON GENERAL' pregnancy health risk statement,COLA-WARN-2026-42,WARNING TEST BRAND,BEER,5.0%,N/A,12 FL OZ,"WARNING BREWING CO, CA",PRODUCT OF USA,"GOVERNMENT WARNING: (1) ACCORDING TO THE SURGEON GENERAL, WOMEN SHOULD NOT DRINK ALCOHOLIC BEVERAGES DURING PREGNANCY BECAUSE OF THE RISK OF BIRTH DEFECTS. (2) CONSUMPTION OF ALCOHOLIC BEVERAGES IMPAIRS YOUR ABILITY TO DRIVE A CAR OR OPERATE MACHINERY, AND MAY CAUSE HEALTH PROBLEMS.",warning_fail_42_missing_surgeon_general.png,REJECT,Missing 'SURGEON GENERAL' pregnancy health risk statement
warning-43,Warning Fail 43: Missing driving/machinery impairment statement,COLA-WARN-2026-43,WARNING TEST BRAND,BEER,5.0%,N/A,12 FL OZ,"WARNING BREWING CO, CA",PRODUCT OF USA,"GOVERNMENT WARNING: (1) ACCORDING TO THE SURGEON GENERAL, WOMEN SHOULD NOT DRINK ALCOHOLIC BEVERAGES DURING PREGNANCY BECAUSE OF THE RISK OF BIRTH DEFECTS. (2) CONSUMPTION OF ALCOHOLIC BEVERAGES IMPAIRS YOUR ABILITY TO DRIVE A CAR OR OPERATE MACHINERY, AND MAY CAUSE HEALTH PROBLEMS.",warning_fail_43_missing_impairment.png,REJECT,Missing driving/machinery impairment statement
warning-44,Warning Fail 44: Government Warning box completely missing from artwork,COLA-WARN-2026-44,WARNING TEST BRAND,BEER,5.0%,N/A,12 FL OZ,"WARNING BREWING CO, CA",PRODUCT OF USA,"GOVERNMENT WARNING: (1) ACCORDING TO THE SURGEON GENERAL, WOMEN SHOULD NOT DRINK ALCOHOLIC BEVERAGES DURING PREGNANCY BECAUSE OF THE RISK OF BIRTH DEFECTS. (2) CONSUMPTION OF ALCOHOLIC BEVERAGES IMPAIRS YOUR ABILITY TO DRIVE A CAR OR OPERATE MACHINERY, AND MAY CAUSE HEALTH PROBLEMS.",warning_fail_44_completely_missing.png,REJECT,Government Warning box completely missing from artwork
warning-45,Warning Fail 45: Spelling error in Surgeon General ('SURGEON GENRAL'),COLA-WARN-2026-45,WARNING TEST BRAND,BEER,5.0%,N/A,12 FL OZ,"WARNING BREWING CO, CA",PRODUCT OF USA,"GOVERNMENT WARNING: (1) ACCORDING TO THE SURGEON GENERAL, WOMEN SHOULD NOT DRINK ALCOHOLIC BEVERAGES DURING PREGNANCY BECAUSE OF THE RISK OF BIRTH DEFECTS. (2) CONSUMPTION OF ALCOHOLIC BEVERAGES IMPAIRS YOUR ABILITY TO DRIVE A CAR OR OPERATE MACHINERY, AND MAY CAUSE HEALTH PROBLEMS.",warning_fail_45_typo_surgeon.png,REJECT,Spelling error in Surgeon General ('SURGEON GENRAL')
warning-46,Warning Fail 46: Lowercase header 'government warning:',COLA-WARN-2026-46,WARNING TEST BRAND,BEER,5.0%,N/A,12 FL OZ,"WARNING BREWING CO, CA",PRODUCT OF USA,"GOVERNMENT WARNING: (1) ACCORDING TO THE SURGEON GENERAL, WOMEN SHOULD NOT DRINK ALCOHOLIC BEVERAGES DURING PREGNANCY BECAUSE OF THE RISK OF BIRTH DEFECTS. (2) CONSUMPTION OF ALCOHOLIC BEVERAGES IMPAIRS YOUR ABILITY TO DRIVE A CAR OR OPERATE MACHINERY, AND MAY CAUSE HEALTH PROBLEMS.",warning_fail_46_small_header.png,REJECT,Lowercase header 'government warning:'
warning-47,Warning Fail 47: Missing colon after header 'GOVERNMENT WARNING',COLA-WARN-2026-47,WARNING TEST BRAND,BEER,5.0%,N/A,12 FL OZ,"WARNING BREWING CO, CA",PRODUCT OF USA,"GOVERNMENT WARNING: (1) ACCORDING TO THE SURGEON GENERAL, WOMEN SHOULD NOT DRINK ALCOHOLIC BEVERAGES DURING PREGNANCY BECAUSE OF THE RISK OF BIRTH DEFECTS. (2) CONSUMPTION OF ALCOHOLIC BEVERAGES IMPAIRS YOUR ABILITY TO DRIVE A CAR OR OPERATE MACHINERY, AND MAY CAUSE HEALTH PROBLEMS.",warning_fail_47_missing_header_colon.png,REJECT,Missing colon after header 'GOVERNMENT WARNING'
warning-48,Warning Fail 48: Altered wording in health risks,COLA-WARN-2026-48,WARNING TEST BRAND,BEER,5.0%,N/A,12 FL OZ,"WARNING BREWING CO, CA",PRODUCT OF USA,"GOVERNMENT WARNING: (1) ACCORDING TO THE SURGEON GENERAL, WOMEN SHOULD NOT DRINK ALCOHOLIC BEVERAGES DURING PREGNANCY BECAUSE OF THE RISK OF BIRTH DEFECTS. (2) CONSUMPTION OF ALCOHOLIC BEVERAGES IMPAIRS YOUR ABILITY TO DRIVE A CAR OR OPERATE MACHINERY, AND MAY CAUSE HEALTH PROBLEMS.",warning_fail_48_altered_wording.png,REJECT,Altered wording in health risks
warning-49,Warning Fail 49: Missing driving clause,COLA-WARN-2026-49,WARNING TEST BRAND,BEER,5.0%,N/A,12 FL OZ,"WARNING BREWING CO, CA",PRODUCT OF USA,"GOVERNMENT WARNING: (1) ACCORDING TO THE SURGEON GENERAL, WOMEN SHOULD NOT DRINK ALCOHOLIC BEVERAGES DURING PREGNANCY BECAUSE OF THE RISK OF BIRTH DEFECTS. (2) CONSUMPTION OF ALCOHOLIC BEVERAGES IMPAIRS YOUR ABILITY TO DRIVE A CAR OR OPERATE MACHINERY, AND MAY CAUSE HEALTH PROBLEMS.",warning_fail_49_missing_driving_clause.png,REJECT,Missing driving clause
warning-50,Warning Fail 50: Recycling text substituted for Government Warning,COLA-WARN-2026-50,WARNING TEST BRAND,BEER,5.0%,N/A,12 FL OZ,"WARNING BREWING CO, CA",PRODUCT OF USA,"GOVERNMENT WARNING: (1) ACCORDING TO THE SURGEON GENERAL, WOMEN SHOULD NOT DRINK ALCOHOLIC BEVERAGES DURING PREGNANCY BECAUSE OF THE RISK OF BIRTH DEFECTS. (2) CONSUMPTION OF ALCOHOLIC BEVERAGES IMPAIRS YOUR ABILITY TO DRIVE A CAR OR OPERATE MACHINERY, AND MAY CAUSE HEALTH PROBLEMS.",warning_fail_50_no_warning_box.png,REJECT,Recycling text substituted for Government Warning
